order,seed,step,training_loss,inside_mse,outside_mse,full_mse,outside_3pi_mse,far_outside_mse,full_3pi_mse
2,0,5000,1.7823741700340179e-06,7.772904232066395e-09,0.019035305997857726,0.009493922099564327,1.2801607054555368,2.5412861049132154,0.8520204388428759
2,0,25000,6.022974616826104e-07,1.3333666031078665e-09,0.03543261095497037,0.0176721258329196,0.9681352837795277,1.9008379566040852,0.6443496069547716
4,0,5000,0.004157566465437412,0.0007908868605936843,0.006069187978423588,0.0034234559966684493,1.9733762041746723,3.940683220370921,1.313659650463974
4,0,25000,9.979132300941274e-05,6.928649078070456e-06,0.003330703605294497,0.001664671769385515,1.7851023703124795,3.5668740370196645,1.1880904172769657
6,0,5000,0.002033135388046503,3.409778313578085e-05,0.014934887326618075,0.007465913016792785,2.524066526400684,5.033198165474749,1.679922569408792
6,0,25000,0.0009937991853803396,1.8464757038684912e-05,0.011687514192820795,0.0058384395379773935,2.3337665559181406,4.65584559764346,1.5532617866612661
8,0,5000,1.1286821365356445,0.10854753916236175,1.8673891661190813,0.9857752832804266,1.9330055834553506,1.9986220007916196,1.3228290994239185
8,0,25000,0.029412630945444107,0.0003011719807968068,0.03646207917664351,0.018336537165757755,2.983696284472935,5.930930489769227,1.9859218791303064
10,0,5000,3.717371940612793,0.5627425459122426,0.5559469868881979,0.5593532396658363,0.5608441469009872,0.5657413069137763,0.5614790523939361
10,0,25000,2.087533473968506,0.23710499749571054,1.0442244099403657,0.6396583204107505,1.0497386585797617,1.0552529072191574,0.7779593476348461
12,0,5000,239.61598205566406,0.5631093578924773,0.5575906166186472,0.5603568684790957,0.5624349027658856,0.5672791889131239,0.5626604692890885
12,0,25000,4.721897125244141,0.56515834281262,0.5564205884806426,0.5608003606021574,0.5612539004784662,0.5660872124762898,0.5625597123073596
